[{"word":"aa","english":"to give","amharic":"መስጠት"},{"word":"aada","english":"good,better,usual,calm","amharic":"ጥሩ፣ የተሻለ፣ የተለመደ ፣ ስርአት"},{"word":"aada-assa","english":"to make calm","amharic":"ጸጥ ማሰኘት ፣ ስርአት ማስያዝ"},{"word":"aada-ikka","english":"to become calm","amharic":"ጸጥ ማለት፣ ስርአት መያዝ፣ ጥሩ መሆን"},{"word":"aadde","english":"the word used in addressing a man older than one self","amharic":"ጋሼ ፣ አብዬ"},{"word":"addi qallo","english":"firstborn (of animals)","amharic":"በኩር (ለእንስሳ)"},{"word":"addi-qalcho","english":"a cow that has brought forth for the first time","amharic":"ለመጀመሪያ ጊዜ የወለደች ላም"},{"word":"aaddo","english":"the last vital spirit of somebody who is near to die through sickness","amharic":"የሙዋች የመጨረሻ እስትንፋስ"},{"word":"aaddo","english":"skinny, thin","amharic":"በጣም ከሲታ"},{"word":"aaga","english":"condition, situation","amharic":"ሁኔታ"},{"word":"aaga","english":"completely","amharic":"በፍጹም ፣ ፈጽሞ"},{"word":"aaganka","english":"completely","amharic":"በፍጹም ፣ እንዲያውም (ለወንድ)"},{"word":"aaganta","english":"completely","amharic":"በፍጹም ፣ እንዲያውም (ለሴት)"},{"word":"aagintaawa","english":"to repent, to fill remorse for wrong doing","amharic":"ንስሃ መግባት ፣ ይቅርታ መጠየቅ"},{"word":"abbisiisi'raano","english":"who causes someone to bring something","amharic":"አስመጪዎች (ለራስ)"},{"word":"abbo","english":"uncle (the mother's brother) ","amharic":"አጎት (የእናት ወንድም)"},{"word":"abbookehu","english":"valiant, courageous","amharic":"ጃል ፣ ደፋሩ"},{"word":"abbooshsha","english":"complaint, grievance","amharic":"ቅሬታ"},{"word":"abbooshsha macciishsha","english":"to hear grievance or complaint","amharic":"ቅሬታ መስማት"},{"word":"abbooshshi'ra","english":"to complain","amharic":"ቅሬታ መግለጽ ፣ ቅር መሰኘት"},{"word":"abbooshshi'raancho","english":"the one who complains","amharic":"ቅሬታ አሰሚ"},{"word":"abbooshshi'raano","english":"those who complain","amharic":"ቅሬታ አሰሚዎች"},{"word":"abbooshshu macciishshaancho","english":"a body hearing grievance or complaint","amharic":"ቅሬታ ሰሚ"},{"word":"abbooshshu macciishshaano","english":"bodies hearing grievance or complaint","amharic":"ቅሬታ ሰሚዎች"},{"word":"abbuwa","english":"uncles (the father's brothers)","amharic":"አጎቶች (የአባት ወንድሞች)"},{"word":"abimma","english":"state of being an uncle","amharic":"አጎትነት"},{"word":"aboore","english":"cup or large drinking vessel made of a goard","amharic":"አቦሬ ፣ አነኮላ"},{"word":"abukaato","english":"avocado","amharic":"አቮካዶ"},{"word":"ba'a","english":"to be ruined, spoiled","amharic":"መጥፋት፣ መበላሸት"},{"word":"baabba","english":"a title given to a woman not belonging to the family (Mrs)","amharic":"በሴት ስም ላይ የሚቀጠል የአክብሮት  ስም (ወይዘሮ)"},{"word":"baaddaancho","english":"one who has grudges","amharic":"ቂመኛ፣ ቅር የተሰኘ"},{"word":"baadiri xaadoshshe","english":"public relations","amharic":"የህዝብ ግንኙነት"},{"word":"baado","english":"community, people, domestic, local","amharic":"ማህበረሰብ፣ ህዝብ፣ አገር ውስጥ"},{"word":"baafata","english":"to adapt","amharic":"መላመድ"},{"word":"baajeete","english":"budget","amharic":"በጀት"},{"word":"baajeetete kifile","english":"budget department (section)","amharic":"የበጀት ክፍል"},{"word":"baajeetete beehishsha","english":"budget allocation","amharic":"የበጀት ድልድል፣ የበጀት አከፋፈል"},{"word":"baajeetete cufo","english":"the end of a fiscal year","amharic":"የበጀት መዝጊያ"},{"word":"baajeetete diro","english":"fiscal year","amharic":"የበጀት አመት"},{"word":"baajeetete horoonsha","english":"budget utilization","amharic":"የበጀት አጠቃቀም"},{"word":"baajeetete umo","english":"budget title (budget specification code)","amharic":"የበጀት አርእስት"},{"word":"baajji yaa","english":"to wander around, to roam about","amharic":"መንከራተት"},{"word":"baajjo","english":"to roam about, wander","amharic":"መንከራተት"},{"word":"baakkalcha","english":"morning star","amharic":"አጥቢያ ኮከብ"},{"word":"baakko","english":"that yields little milk, honey (cow or bees) packet","amharic":"ብዙ ወተት የማትሰጥ ላም፣ ብዙ ማር የማይሰጡ ንቦች"},{"word":"baakko","english":"packet","amharic":"ፓኮ"},{"word":"baakoo","english":"sheep, goat or cow (that yields little milk)","amharic":"ቁጥብ፣ ጥቂት ወተት ያላት (በግ)፣ ፍየል ወይም ላም"},{"word":"caabbichcho","english":"loght, lamp","amharic":"መብራት"},{"word":"caabbisha","english":"to light up, to illuminate","amharic":"ማብራት"},{"word":"caabbishi'ra","english":"to light for oneself","amharic":"ማብራት (ለራስ)"},{"word":"caaccaawa","english":"to be offended, or irritated","amharic":"መነጫነጭ፣ መበሳጨት"},{"word":"caaccaawaancho","english":"one who easily loses his temper","amharic":"የሚበሳጭ ሰው (ብስጩ)"},{"word":"caaccawaano","english":"those who easily lose their temper","amharic":"ብስጩዎች"},{"word":"caacce","english":"sorrow of death, grief","amharic":"እርም፣ ሃዘንም"},{"word":"caaccessa","english":"to annoy, vex, trouble","amharic":"ማበሳጨት"},{"word":"caacurrichcho","english":"chick or baby bird","amharic":"ጫጩት"},{"word":"caacurre","english":"chicks or baby birds","amharic":"ጫጩቶች"},{"word":"daa","english":"to come","amharic":"መምጣት"},{"word":"daa'ata","english":"touring","amharic":"መጎብኘት"},{"word":"daa'ataancho","english":"visitors, tourists","amharic":"ጎብኚ"},{"word":"daa'atiisaancho","english":"one who shows around, tourist guide","amharic":"አስጎብኚ"},{"word":"daa'atisa","english":"to show around, to guide","amharic":"ማስጎብኘት"},{"word":"daa'ato","english":"visit, observation, tour","amharic":"ጉብኝት"},{"word":"daa ataano","english":"visitors, tourists","amharic":"ጎብኝዎች"},{"word":"daa'atiissancho uurrinsha","english":"tour organization","amharic":"ድርጅት አስጎብኚ"},{"word":"daa'atishsha","english":"tourism","amharic":"ቱሪዝም"},{"word":"daabba","english":"the pole used for spear, along shaft used for handling spear","amharic":"የጦር ዛቢያ፣ እጀታ"},{"word":"daabbo","english":"bread","amharic":"ዳቦ"},{"word":"daadaancho","english":"fluid, liquid","amharic":"ፈሳሽ"},{"word":"ea","english":"to enter, put into","amharic":"መግባት"},{"word":"eaa-fulo","english":"income, entrance, irregular, uneven","amharic":"አባጣ ጎባጣ፣ ወጣ ገባ"},{"word":"eddarama","english":"to remain alone, without fiends and parents","amharic":"ባይተዋር መሆን"},{"word":"eddo","english":"island","amharic":"ደሴት"},{"word":"edha","english":"to fold","amharic":"ማጠፍ (ለራስ)"},{"word":"ee","english":"yes","amharic":"አዎ"},{"word":"eedse","english":"AIDS","amharic":"ኤድስ"},{"word":"eegama","english":"entreat","amharic":"መማጠን ፣ አደራ ማለት"},{"word":"eegga","english":"entreat","amharic":"ሙጥኝ፣ መስጠት (ማለት)"},{"word":"eeggo","english":"entreaty, dependence","amharic":"አደራ፣ ጥገኝነት"},{"word":"eeggo ea","english":"to be under someone's protection/shelter","amharic":"ጥገኝነት መግባት"},{"word":"eego xa'mi'ra","english":"to ask for protection, shelter or asylum","amharic":"ጥገኝነት መጠየቅ"},{"word":"eela","english":"a low place (especially where water can be found)","amharic":"ታች"},{"word":"eela","english":"to be gathered at one place","amharic":"መከማቸት (ለጎርፍ)"},{"word":"eera","english":"to give the clue, hint (to find something lost)","amharic":"መጠቆም፣ ማመልከቻ"},{"word":"eero","english":"the act of giving clue, hint","amharic":"ጥቆማ"},{"word":"eessa","english":"cause to enter, put into","amharic":"ማስገባት"},{"word":"eessaancho","english":"one who causes to enter (who puts into)","amharic":"አስገቢ"},{"word":"eessi'ra","english":"cause to enter, put into","amharic":"ማስገባት (ለራስ)"},{"word":"eewa","english":"yes","amharic":"አዎን፣ አዎንታ"},{"word":"eeyya!","english":"ok , yes!","amharic":"እሺ! (የቃለ አጋኖ)"},{"word":"efeleqqo","english":"spleen","amharic":"ጣፊያ"},{"word":"egemma","english":"to swallow (food or liquid)","amharic":"መዋጥ"},{"word":"egemmama","english":"to be swallowed","amharic":"መዋጥ"},{"word":"egenna","english":"to know, to recognize","amharic":"ማወቅ"},{"word":"egennaame","english":"knowledgeable, wise, intelligent","amharic":"አዋቂ (ሴት)"},{"word":"egennaamma","english":"knowledgeable, wise, intelligent","amharic":"አዋቂዎች"},{"word":"egennaamo","english":"knowledgeable, wise, intelligent","amharic":"አዋቂ (ወንድ)"},{"word":"egennama","english":"acquaintance, recognition, introduction","amharic":"መተዋወቅ፣ መታወቅ (ዝነኛ መሆን)"},{"word":"egennamishsha","english":"identification","amharic":"መታወቂያ"},{"word":"egeennamme","english":"acquaintance, introduction","amharic":"ትውውቅ"},{"word":"egenno","english":"knowledge, intelligence","amharic":"እውቀት"},{"word":"egensiigaano","english":"those who introduce","amharic":"አስተዋዋቂዎች"},{"word":"egensiisaa","english":"to introduce, cause to know","amharic":"ማሳወቅ ፣ ማስተዋወቅ"},{"word":"egensiisaancho","english":"one who introduces","amharic":"አስተዋዋቂ ፣ አስተዋዋቂዎች "},{"word":"egensiishsha","english":"advertisement","amharic":"ማስታወቂያ"},{"word":"ejedhe","english":"olive trees","amharic":"የወይራ ዛፎች"},{"word":"ejjeetto","english":"heroe, courageous, those who lead army to the battle front","amharic":"ጀግና የሚያዛምቱ"},{"word":"ela","english":"to grant, make donation","amharic":"መለገስ"},{"word":"elaawa","english":"to consent, to comply with, agree","amharic":"መስማማት"},{"word":"elama","english":"to establish, agreement, fiendship","amharic":"መወዳጀት"},{"word":"elamme","english":"friendship","amharic":"ወዳጅነት"},{"word":"elansho","english":"friendship","amharic":"ወዳጅነት"},{"word":"eleelle","english":"shell, used as an ornament in the hair by girls","amharic":"ዛጎል"},{"word":"elektirike","english":"electricity","amharic":"ኤሌክትሪክ"},{"word":"elento","english":"a middle size vessel made of grass and skin used for mimlking cows","amharic":"የወተት እቃ፣ ጮጮ (ስፌት)"},{"word":"ella","english":"friends","amharic":"ወዳጃሞች"},{"word":"ella","english":"june","amharic":"ሰኔ"},{"word":"elle","english":"love, friendship, gift, offering","amharic":"ፍቅር፣ ወዳጅነት፣ ስጦታ፣ ችሮታ"},{"word":"elo","english":"friend, lover","amharic":"ወዳጅ፣ ፍቅረኛ"},{"word":"elto","english":"grant, gift","amharic":"ችሮታ፣ በረከት፣ ጸጋ"},{"word":"eote iillo","english":"income receipt","amharic":"የገቢ ደረሰኝ"},{"word":"eote bue","english":"income source","amharic":"የገቢ ምንጭ"},{"word":"era","english":"to fold","amharic":"ማጠፍ"},{"word":"erama","english":"to be folded","amharic":"መታጠፍ"},{"word":"ereccawa","english":"to be penalized","amharic":"መቀጣት"},{"word":"erecco","english":"penalty inflicted up on somebody by the community","amharic":"ቅጣት"},{"word":"ereeda","english":"beard, moustache","amharic":"ጺም"},{"word":"ereero","english":"churned milk from which butter has been taken ","amharic":"አሬራ"},{"word":"ergegga","english":"gum","amharic":"ድድ"},{"word":"ero","english":"two fold, a fols corner","amharic":"እጥፍ (ሁለት እጅ)"},{"word":"ewa","english":"to give something , in custody, something that is given in custody","amharic":"በአደራ መስጠት"},{"word":"faabrika","english":"factory","amharic":"ፋብሪካ"},{"word":"faabrikka","english":"factories","amharic":"ፋብሪካዎች"},{"word":"faaca","english":"to pick","amharic":"መሸልቀቅ"},{"word":"faacaancho","english":"one who picks / reaps the maize","amharic":"ሸልቃቂ"},{"word":"faacaano","english":"those who pick (reap the maize)","amharic":"ሸልቃቂዎች"},{"word":"faaci'ra","english":"the act of picking (reaping the maize)","amharic":"መሸልቀቅ (ለራስ)"},{"word":"faaco","english":"the act of picking (reaping the maize), dehusking","amharic":"ሽልቃቆ (ሽልቀቃ)"},{"word":"gabba","english":"to regret","amharic":"መጸጸት፣ መቆጨት"},{"word":"gaabbaanchoመ","english":"one who regrets, remorseful, sorrowful","amharic":"ተጸጻች፣ ተቆጭ"},{"word":"gaabbaano","english":"one who regrets, remorseful, sorrowful","amharic":"ተጸጻች፣ ተቆጭ"},{"word":"gaabbisa","english":"to cause to regret","amharic":"ማስጸጸት፣ ማስቆጨት"},{"word":"gaabbisaancho","english":"remorsing, regretting","amharic":"የሚያስጸጽት፣ የሚያስቆጭ"},{"word":"gaabbisaano","english":"those who cause regret or remorse","amharic":"ተጸጻቾች"},{"word":"gaabbo","english":"regret, repentance, remorse, sorrow","amharic":"ጸጸት፣ ቁጭት"},{"word":"gaaca","english":"to attach or approach in gumbling by glass beads","amharic":"መግጨት፣ ማስነካት"},{"word":"haa","english":"an expression of pouring or flowing condition","amharic":"የመፍሰስ ወይም የመበተን ሁኔታ መግለጫ"},{"word":"haa assa","english":"cause to flow or scatter","amharic":"ማፍሰስ ወይም መበተን"},{"word":"haa yaa","english":"ton pour, to leak, to flow, to be seattered","amharic":"ሹዋ ማድረግና ማፋሰስ፣ መበተን"},{"word":"haada","english":"equal (age)","amharic":"አቻ፣ እኩያ (በእድሜ)"},{"word":"haafa","english":"in vain, invalid","amharic":"በከንቱ፣ የማይረባ"},{"word":"haafare","english":"nonsense, trival","amharic":"የማይረባ ነገር፣ ምናምንቴ"},{"word":"haafayee","english":"nonsense, useless","amharic":"እንዲሁ ዝም ብሎ ወይም ያለምንም ጥቅም"},{"word":"haamba","english":"morsel of food at remains after having eaten, leftover, crumb (food)","amharic":"ትራፊ፣ ፍርፋሪ (የምግብ)"},{"word":"haammaawa","english":"to be group (to be many or much) in number","amharic":"በርከት ማለት"}]